<?xml version="1.1" encoding="UTF-8"?>
<xmi:XMI xmi:version="2.0" xmlns:xmi="http://www.omg.org/XMI" xmlns:expression="http:///expression.ecore">
  <expression:EMFExpression id="[row1.payload:/tns:wsTestOperationRequest/in]" expression="&quot;Bonjour &quot; + [row1.payload:/tns:wsTestOperationRequest/in] + &quot; - &quot; + TalendDate.formatDateLocale(&quot;dd-MM-yyyy HH:mm:ss&quot;,TalendDate.getCurrentDate(),&quot;FR&quot;)"/>
  <expression:EMFExpression id="&quot;Bonjour &quot; + [row1.payload:/tns:wsTestOperationRequest/in] + &quot; - &quot; + TalendDate.formatDateLocale(&quot;dd-MM-yyyy HH:mm:ss&quot;,TalendDate.getCurrentDate(),&quot;FR&quot;) " expression="&quot;Bonjour &quot; + [row1.payload:/tns:wsTestOperationRequest/in] + &quot; &quot; + TalendDate.formatDateLocale(&quot;dd-MMM-yyyy HH:mm:ss&quot;,TalendDate.getCurrentDate(),&quot;FR&quot;) "/>
  <expression:EMFExpression id="boolean | Boolean [row1.payload:/tns:creerPrecompte/precomptePartenaire/cp]" expression="&#xA;&#xA;EasySOAHelper.checkCity(row1.payload:/tns:creerPrecompte/precomptePartenaire/cp])"/>
  <expression:EMFExpression id="&#xD;&#xA;&#xD;&#xA;EasySOAHelper.checkCity(row1.payload:/tns:creerPrecompte/precomptePartenaire/cp]) " expression="EasySOAHelper.checkCity(row1.payload:/tns:creerPrecompte/precomptePartenaire/cp]) "/>
  <expression:EMFExpression id="EasySOAHelper.checkCity(row1.payload:/tns:creerPrecompte/precomptePartenaire/cp])   [row1.payload:/tns:creerPrecompte/precomptePartenaire/ville]" expression="EasySOAHelper.checkCity([row1.payload:/tns:creerPrecompte/precomptePartenaire/ville])   "/>
  <expression:EMFExpression id="boolean | Boolean [row1.payload:/ns:enhanceAddress/ns:address/ax215:city]" expression="&#xA;EasySOAHelper.checkCity([row1.payload:/ns:enhanceAddress/ns:address/ax215:city])"/>
  <expression:EMFExpression id="&#xD;&#xA;EasySOAHelper.checkCity([row1.payload:/ns:enhanceAddress/ns:address/ax215:city]) " expression="&#xD;&#xA;EasySOAHelper.checkCity([row1.payload:/ns:enhanceAddress/ns:address/ax215:city]) "/>
  <expression:EMFExpression id="EasySOAHelper.checkCity([row1.payload:/tns:creerPrecompte/precomptePartenaire/ville])    " expression="EasySOAHelper.checkCity([row1.payload:/tns:creerPrecompte/precomptePartenaire/ville])    "/>
  <expression:EMFExpression id="==EasySOAHelper.checkCity(&quot;world&quot;)  [row2.payload:/tns:creerPrecompte/precomptePartenaire/ville]" expression="EasySOAHelper.checkCity([row2.payload:/tns:creerPrecompte/precomptePartenaire/ville])  "/>
  <expression:EMFExpression id="boolean | Boolean" expression=""/>
  <expression:EMFExpression id="  [row2.payload:/tns:creerPrecompte/precomptePartenaire/ville]" expression="  EasySOAHelper.checkCity([row2.payload:/tns:creerPrecompte/precomptePartenaire/ville])"/>
  <expression:EMFExpression id="  EasySOAHelper.checkCity([row2.payload:/tns:creerPrecompte/precomptePartenaire/ville])  Var.Var1" expression="  EasySOAHelper.checkCity([row2.payload:/tns:creerPrecompte/precomptePartenaire/ville])"/>
  <expression:EMFExpression id="  EasySOAHelper.checkCity([row2.payload:/tns:creerPrecompte/precomptePartenaire/ville]) " expression="  EasySOAHelper.checkCity([row2.payload:/tns:creerPrecompte/precomptePartenaire/ville]) "/>
  <expression:EMFExpression id="  EasySOAHelper.checkCity([row2.payload:/tns:creerPrecompte/precomptePartenaire/ville])  " expression="  EasySOAHelper.checkCity()  "/>
  <expression:EMFExpression id="  EasySOAHelper.checkCity()   " expression="  EasySOAHelper.checkCity()   "/>
  <expression:EMFExpression id="  EasySOAHelper.checkCity()     [row1.payload:/tns:creerPrecompte/precomptePartenaire/ville]" expression="  EasySOAHelper.checkCity(    [row1.payload:/tns:creerPrecompte/precomptePartenaire/ville])"/>
</xmi:XMI>
